{
  "814055671812063242": {
    "576764876924387328": {
      "202f8b75-f2fd-4fb9-80f9-d9ec07473e78": {
        "reason": "No reason given",
        "mod": "Slayеr#1337",
        "date": "Sun, 14 Mar 2021 07:13:39 GMT"
      }
    },
    "814020092135342090": {
      "6cf44f0c-d858-4372-87f7-c0395b98baed": {
        "reason": "No reason given",
        "mod": "Slayеr#1337",
        "date": "Sun, 14 Mar 2021 20:18:35 GMT"
      },
      "292d8759-8edf-423f-a667-9709f6e826d4": {
        "reason": "Auto mod activated",
        "mod": "Auto mod",
        "date": "Wed, 17 Mar 2021 18:45:59 GMT"
      },
      "d6232c4a-a6d2-4663-86d0-69da0c502c2d": {
        "reason": "Auto mod activated",
        "mod": "Auto mod",
        "date": "Wed, 17 Mar 2021 18:47:01 GMT"
      },
      "d04ae280-ed0a-4b08-94fb-0ab2c1d737f3": {
        "reason": "Auto mod activated",
        "mod": "Auto mod",
        "date": "Wed, 17 Mar 2021 18:47:01 GMT"
      },
      "d83a72ed-93cc-458b-9405-625f71e5d061": {
        "reason": "Auto mod activated",
        "mod": "Auto mod",
        "date": "Wed, 17 Mar 2021 18:47:01 GMT"
      },
      "2c2a27c9-923f-4304-8b09-05917867b852": {
        "reason": "Auto mod activated",
        "mod": "Auto mod",
        "date": "Wed, 17 Mar 2021 18:47:01 GMT"
      },
      "fac61717-270a-444b-907a-a4c04cb43e5f": {
        "reason": "Auto mod activated",
        "mod": "Auto mod",
        "date": "Wed, 17 Mar 2021 18:47:37 GMT"
      },
      "65f1db99-ad41-4507-a872-914ad931ff7f": {
        "reason": "Auto mod activated",
        "mod": "Auto mod",
        "date": "Wed, 17 Mar 2021 18:47:47 GMT"
      },
      "3a8126ee-6e5a-4d14-a238-315812c56411": {
        "reason": "Auto mod activated",
        "mod": "Auto mod",
        "date": "Wed, 17 Mar 2021 18:47:47 GMT"
      },
      "457f604f-0c8b-4e68-80e0-9250a34b23c9": {
        "reason": "Auto mod activated",
        "mod": "Auto mod",
        "date": "Wed, 17 Mar 2021 18:47:47 GMT"
      },
      "c3cbfea2-c5f2-4c27-9150-7c2f368a7e0e": {
        "reason": "Auto mod activated",
        "mod": "Auto mod",
        "date": "Wed, 17 Mar 2021 18:47:47 GMT"
      }
    },
    "695605668194811977": {
      "9c2db81d-a81a-41ab-ad7b-da178f689205": {
        "reason": "Gay",
        "mod": "Slayеr#1337",
        "date": "Thu, 18 Mar 2021 08:28:31 GMT"
      },
      "98eb98d5-1a40-410d-b697-80034536ca90": {
        "reason": "test",
        "mod": "Slayеr#1337",
        "date": "Thu, 18 Mar 2021 08:28:36 GMT"
      },
      "6f2dce9d-7fd5-44ea-819a-7e7e23215401": {
        "reason": "Auto mod activated",
        "mod": "Auto mod",
        "date": "Thu, 18 Mar 2021 08:29:37 GMT"
      },
      "6d6e76f8-bd16-4ec1-b431-033267c56c2d": {
        "reason": "Auto mod activated",
        "mod": "Auto mod",
        "date": "Thu, 18 Mar 2021 08:29:43 GMT"
      }
    }
  }
}